cliente_id,idade,genero,renda,score_credito,compra_semanal,cidade,estado,data_cadastro
CLI_00000001,57,F,10596.8,48.29,328.88,Vilhena,MT,2024-04-02
CLI_00000002,27,M,11152.5,240.66,239.88,Vilhena,GO,2020-10-04
CLI_00000003,44,X,16132.91,947.71,166.56,Campo Grande,MT,2024-03-10
CLI_00000004,69,F,14068.32,570.91,229.77,Vilhena,MS,2020-10-19
CLI_00000005,40,M,3518.85,712.11,108.43,Goiania,RO,2023-06-15
CLI_00000006,74,M,8334.45,794.38,218.0,Rondonopolis,MS,2020-10-10
CLI_00000007,79,M,18560.8,287.94,374.61,Goiania,MS,2022-03-16
CLI_00000008,69,F,24096.05,77.62,290.66,Vilhena,RO,2022-06-23
CLI_00000009,60,X,13020.86,796.89,360.39,Sao Paulo,GO,2020-01-24
CLI_00000010,55,X,14955.12,681.24,327.85,Goiania,SP,2023-11-12
CLI_00000011,18,M,9660.05,610.92,194.83,Sao Paulo,MS,2021-07-13
CLI_00000012,79,F,5159.52,401.64,304.17,Sao Paulo,MS,2023-09-09
CLI_00000013,69,M,17448.81,380.44,307.53,Campo Grande,MS,2021-01-16
CLI_00000014,39,M,7909.95,145.68,361.98,Vilhena,SP,2024-10-11
CLI_00000015,32,X,21649.01,950.22,161.61,Goiania,RO,2023-07-13
CLI_00000016,66,F,12660.24,400.44,96.46,Campo Grande,MT,2021-08-06
CLI_00000017,30,M,15497.31,102.38,130.09,Sao Paulo,RO,2020-02-28
CLI_00000018,42,X,10154.26,634.41,224.2,Sao Paulo,RO,2022-08-04
CLI_00000019,30,M,24835.84,465.99,236.76,Cuiaba,SP,2022-08-27
CLI_00000020,36,X,1749.68,950.99,306.45,Vilhena,SP,2021-12-18
CLI_00000021,19,X,8294.53,642.92,543.75,Vilhena,SP,2021-06-25
CLI_00000022,44,X,14089.3,502.7,456.87,Rondonopolis,MS,2024-04-26
CLI_00000023,46,M,18808.98,226.74,160.25,Cuiaba,MT,2022-08-09
CLI_00000024,40,X,15602.31,344.28,284.45,Rondonopolis,SP,2022-02-08
CLI_00000025,29,F,12387.9,337.74,0,Vilhena,MT,2023-11-12
CLI_00000026,26,X,4053.71,388.54,347.38,Rondonopolis,MS,2023-03-14
CLI_00000027,58,F,20259.6,971.66,179.44,Cuiaba,MS,2021-03-01
CLI_00000028,35,X,22735.48,806.5,392.5,Campo Grande,RO,2024-08-22
CLI_00000029,60,F,14258.11,130.98,697.34,Rondonopolis,MT,2024-12-05
CLI_00000030,71,F,20862.49,211.04,335.65,Sao Paulo,MS,2022-09-08
CLI_00000031,57,M,14155.6,834.19,528.37,Goiania,RO,2024-07-27
CLI_00000032,80,F,13857.43,523.51,391.92,Cuiaba,GO,2021-10-01
CLI_00000033,35,F,4569.1,619.1,338.96,Rondonopolis,RO,2024-09-16
CLI_00000034,29,X,2552.38,191.31,336.75,Cuiaba,MT,2024-08-18
CLI_00000035,19,F,11749.31,612.53,120.39,Rondonopolis,SP,2023-09-18
CLI_00000036,77,X,23607.73,699.22,293.73,Sao Paulo,RO,2021-08-05
CLI_00000037,69,F,10538.27,315.98,224.59,Campo Grande,SP,2020-03-23
CLI_00000038,62,F,7223.97,137.25,160.44,Goiania,MS,2020-07-16
CLI_00000039,36,X,21012.18,161.47,135.86,Sao Paulo,GO,2021-06-11
CLI_00000040,27,X,9909.67,337.98,375.33,Goiania,GO,2020-07-11
CLI_00000041,53,X,24066.44,112.85,394.21,Cuiaba,MT,2022-05-02
CLI_00000042,39,M,19187.48,819.78,247.08,Rondonopolis,SP,2023-03-18
CLI_00000043,79,X,8983.75,279.06,329.27,Cuiaba,SP,2020-11-03
CLI_00000044,49,F,15674.62,222.41,209.13,Sao Paulo,MT,2023-01-11
CLI_00000045,69,M,15996.54,43.21,211.0,Campo Grande,SP,2020-03-07
CLI_00000046,55,X,8459.13,759.5,0,Sao Paulo,GO,2024-11-06
CLI_00000047,50,M,20327.56,994.5,328.16,Vilhena,RO,2021-09-16
CLI_00000048,47,M,3729.5,818.92,306.66,Goiania,GO,2024-07-17
CLI_00000049,55,X,6321.31,229.57,398.36,Rondonopolis,MS,2023-06-02
CLI_00000050,32,F,2883.2,740.89,594.05,Sao Paulo,GO,2021-01-03
CLI_00000051,64,X,17158.93,281.93,306.11,Goiania,MS,2021-05-15
CLI_00000052,16,M,9866.56,328.93,424.78,Vilhena,SP,2021-01-10
CLI_00000053,43,M,5554.4,335.33,404.84,Rondonopolis,MS,2021-09-25
CLI_00000054,16,F,7487.21,89.75,361.02,Goiania,RO,2020-07-01
CLI_00000055,54,M,16186.14,84.48,583.51,Campo Grande,RO,2023-06-24
CLI_00000056,79,F,7963.4,618.71,222.7,Campo Grande,MT,2024-11-14
CLI_00000057,80,F,22855.33,752.87,50.39,Cuiaba,RO,2021-02-01
CLI_00000058,21,F,16363.45,959.52,185.44,Goiania,GO,2024-01-21
CLI_00000059,18,X,13848.36,244.56,285.65,Cuiaba,RO,2024-02-22
CLI_00000060,24,X,18735.56,252.19,465.13,Cuiaba,SP,2021-12-25
CLI_00000061,42,F,18807.92,975.74,152.8,Goiania,SP,2020-10-21
CLI_00000062,41,F,15472.99,331.77,305.6,Rondonopolis,SP,2024-10-05
CLI_00000063,17,M,2643.73,268.77,191.62,Rondonopolis,GO,2022-12-17
CLI_00000064,52,M,12288.36,767.17,96.84,Vilhena,MS,2022-02-16
CLI_00000065,18,M,12123.51,819.9,460.6,Sao Paulo,GO,2021-04-03
CLI_00000066,27,F,18990.17,261.81,267.38,Sao Paulo,MS,2024-11-17
CLI_00000067,51,F,17939.42,231.38,438.55,Cuiaba,MS,2020-08-22
CLI_00000068,73,M,8386.43,140.71,196.25,Sao Paulo,GO,2022-02-27
CLI_00000069,58,F,8924.23,338.27,14.55,Campo Grande,MT,2022-05-12
CLI_00000070,24,M,10485.83,869.97,512.2,Cuiaba,SP,2023-05-28
CLI_00000071,22,M,3620.69,834.68,222.02,Campo Grande,SP,2023-09-11
CLI_00000072,40,M,19886.4,427.75,642.54,Cuiaba,GO,2024-09-07
CLI_00000073,26,F,23416.48,410.89,238.51,Sao Paulo,GO,2020-09-05
CLI_00000074,37,M,11073.83,281.75,245.85,Sao Paulo,SP,2023-11-08
CLI_00000075,54,M,14464.26,394.37,344.22,Campo Grande,RO,2023-09-08
CLI_00000076,73,M,24916.11,449.96,377.33,Campo Grande,RO,2021-04-03
CLI_00000077,38,M,14429.8,319.29,115.18,Campo Grande,MT,2023-07-14
CLI_00000078,42,M,7631.71,752.11,501.06,Goiania,SP,2024-06-05
CLI_00000079,80,X,16185.12,862.86,325.31,Campo Grande,GO,2023-11-15
CLI_00000080,71,M,21398.67,872.89,416.55,Cuiaba,MS,2020-07-23
CLI_00000081,76,X,12857.82,73.14,611.69,Vilhena,GO,2023-04-26
CLI_00000082,29,F,4874.21,522.37,153.9,Rondonopolis,MT,2023-02-18
CLI_00000083,21,F,19818.71,232.58,489.25,Sao Paulo,MS,2022-09-21
CLI_00000084,71,X,19379.49,99.44,195.83,Sao Paulo,RO,2024-04-13
CLI_00000085,49,F,20013.6,1.15,0,Sao Paulo,SP,2021-08-17
CLI_00000086,46,X,7079.99,960.61,182.68,Rondonopolis,SP,2020-01-07
CLI_00000087,79,X,16602.61,81.09,321.88,Sao Paulo,MS,2023-01-23
CLI_00000088,59,X,11209.25,682.57,456.11,Campo Grande,MT,2022-12-28
CLI_00000089,80,F,6084.2,969.86,194.96,Campo Grande,GO,2021-05-25
CLI_00000090,53,F,23855.86,495.76,557.16,Campo Grande,MS,2023-07-22
CLI_00000091,23,X,4683.92,393.46,393.55,Campo Grande,GO,2020-12-02
CLI_00000092,39,M,11901.48,712.03,694.58,Sao Paulo,MT,2020-03-11
CLI_00000093,40,F,16728.74,524.8,172.99,Rondonopolis,GO,2022-06-15
CLI_00000094,37,F,1268.32,279.81,326.21,Sao Paulo,GO,2020-09-25
CLI_00000095,42,M,9687.78,821.57,369.79,Cuiaba,GO,2021-06-18
CLI_00000096,73,F,8894.76,737.32,156.41,Goiania,MT,2023-04-26
CLI_00000097,67,F,10138.51,464.05,317.65,Campo Grande,MT,2024-06-12
CLI_00000098,50,M,23993.01,616.98,249.32,Sao Paulo,SP,2022-05-01
CLI_00000099,24,F,20859.24,107.26,263.95,Goiania,SP,2023-08-05
CLI_00000100,79,F,1407.18,931.06,135.96,Sao Paulo,MS,2024-04-11
CLI_00000101,56,M,9812.23,782.25,387.44,Campo Grande,MS,2023-02-21
CLI_00000102,20,M,14351.75,325.76,347.37,Goiania,MT,2020-05-20
CLI_00000103,26,F,3494.86,498.48,259.17,Campo Grande,MS,2023-08-20
CLI_00000104,46,X,14017.84,773.87,141.92,Cuiaba,SP,2022-05-19
CLI_00000105,50,M,7246.54,260.34,210.73,Campo Grande,MS,2022-10-07
CLI_00000106,57,F,10626.46,992.45,335.74,Vilhena,RO,2021-11-26
CLI_00000107,28,X,12241.19,37.02,610.49,Campo Grande,GO,2022-01-10
CLI_00000108,45,F,2399.31,600.49,308.77,Vilhena,MS,2020-06-17
CLI_00000109,38,M,15552.4,775.0,291.37,Rondonopolis,RO,2024-06-07
CLI_00000110,20,M,9292.39,44.17,285.45,Sao Paulo,MT,2024-12-21
CLI_00000111,42,F,20688.23,408.99,155.24,Cuiaba,MS,2020-08-18
CLI_00000112,77,F,10914.45,795.84,450.68,Rondonopolis,RO,2021-11-18
CLI_00000113,27,X,5095.81,695.41,196.71,Sao Paulo,GO,2020-05-24
CLI_00000114,61,M,11111.4,864.25,365.74,Sao Paulo,MS,2023-12-13
CLI_00000115,42,F,11533.11,156.57,349.4,Vilhena,SP,2023-03-05
CLI_00000116,17,F,14326.84,640.67,342.75,Goiania,MT,2024-10-12
CLI_00000117,80,F,4672.11,283.3,0,Cuiaba,GO,2023-04-10
CLI_00000118,32,F,24418.01,482.74,254.69,Cuiaba,RO,2023-02-23
CLI_00000119,36,X,19902.65,222.08,60.41,Goiania,MS,2024-04-02
CLI_00000120,67,X,4924.2,359.21,463.96,Campo Grande,MS,2021-01-18
CLI_00000121,20,X,21149.26,117.73,146.3,Rondonopolis,SP,2023-05-19
CLI_00000122,47,M,10463.25,367.45,189.03,Vilhena,GO,2021-01-01
CLI_00000123,78,M,6798.97,763.57,331.1,Campo Grande,GO,2023-02-03
CLI_00000124,32,M,11448.26,91.71,136.85,Goiania,RO,2024-11-02
CLI_00000125,21,X,4300.45,922.13,206.66,Cuiaba,MT,2024-07-21
CLI_00000126,33,F,21598.27,996.12,520.53,Rondonopolis,MT,2021-03-16
CLI_00000127,52,F,17529.99,721.08,351.21,Vilhena,SP,2021-06-20
CLI_00000128,51,M,4617.02,502.22,579.15,Goiania,MS,2024-05-20
CLI_00000129,80,F,8794.04,36.83,336.81,Sao Paulo,SP,2023-03-26
CLI_00000130,49,F,19484.72,48.57,380.97,Sao Paulo,GO,2024-09-19
CLI_00000131,29,M,24832.32,629.78,88.89,Sao Paulo,GO,2022-10-05
CLI_00000132,62,M,19398.41,442.28,465.34,Campo Grande,RO,2020-05-27
CLI_00000133,48,M,16413.86,984.06,110.01,Sao Paulo,MT,2020-04-05
CLI_00000134,53,X,16089.71,417.69,186.23,Sao Paulo,MT,2021-08-08
CLI_00000135,21,F,2494.55,567.12,239.53,Vilhena,MS,2023-10-10
CLI_00000136,33,F,9916.38,828.47,472.23,Campo Grande,MS,2020-04-23
CLI_00000137,35,M,3480.15,638.21,480.8,Goiania,SP,2020-01-21
CLI_00000138,60,X,16565.38,443.75,110.56,Vilhena,GO,2021-03-01
CLI_00000139,21,F,13850.35,405.99,304.03,Cuiaba,MT,2024-09-22
CLI_00000140,41,F,11033.64,518.26,351.87,Rondonopolis,RO,2023-10-06
CLI_00000141,55,F,8346.33,48.49,501.35,Rondonopolis,RO,2020-07-28
CLI_00000142,71,X,22911.78,80.48,132.05,Rondonopolis,GO,2021-04-04
CLI_00000143,49,F,16527.67,123.27,564.92,Sao Paulo,MT,2022-11-18
CLI_00000144,71,X,19965.11,523.24,84.39,Sao Paulo,SP,2021-02-17
CLI_00000145,17,F,7396.77,236.11,286.12,Rondonopolis,SP,2021-07-11
CLI_00000146,46,M,22800.13,630.7,0,Rondonopolis,RO,2023-08-27
CLI_00000147,16,F,11605.69,724.62,183.71,Campo Grande,GO,2024-10-03
CLI_00000148,37,F,1983.34,111.89,244.97,Vilhena,MS,2022-03-23
CLI_00000149,19,F,2191.26,692.63,145.48,Rondonopolis,MT,2020-10-25
CLI_00000150,62,F,20657.97,819.56,127.21,Rondonopolis,MT,2023-02-08
CLI_00000151,42,F,3864.88,34.43,458.0,Rondonopolis,MT,2022-08-04
CLI_00000152,32,F,20048.82,646.32,75.84,Sao Paulo,SP,2022-07-09
CLI_00000153,18,M,7309.51,282.59,269.32,Sao Paulo,RO,2024-08-28
CLI_00000154,52,X,18946.59,789.06,159.61,Cuiaba,GO,2024-02-12
CLI_00000155,76,X,2345.19,566.1,237.57,Vilhena,SP,2021-07-01
CLI_00000156,41,M,19339.91,977.87,25.65,Cuiaba,SP,2023-02-16
CLI_00000157,39,M,15302.81,957.21,103.85,Campo Grande,SP,2021-12-08
CLI_00000158,79,F,3816.17,636.53,281.28,Cuiaba,GO,2024-02-21
CLI_00000159,57,M,3464.53,928.5,492.95,Goiania,MT,2022-04-10
CLI_00000160,49,M,22648.93,501.19,144.11,Goiania,MS,2023-03-18
CLI_00000161,20,M,15041.63,521.73,410.82,Vilhena,SP,2021-08-15
CLI_00000162,48,X,6698.38,334.05,178.98,Rondonopolis,MS,2024-04-09
CLI_00000163,54,X,20871.27,617.33,232.15,Rondonopolis,SP,2024-09-12
CLI_00000164,36,F,9008.19,189.27,0,Rondonopolis,MT,2021-11-04
CLI_00000165,41,M,4792.85,148.32,259.47,Sao Paulo,MS,2020-11-04
CLI_00000166,51,F,22268.91,463.92,419.34,Cuiaba,GO,2023-12-08
CLI_00000167,80,X,8249.88,22.12,288.87,Cuiaba,MS,2023-12-19
CLI_00000168,69,F,17095.92,652.49,545.34,Rondonopolis,RO,2021-11-06
CLI_00000169,31,M,11494.19,259.81,202.88,Campo Grande,GO,2021-05-28
CLI_00000170,70,M,12033.63,621.57,0,Goiania,RO,2021-11-11
CLI_00000171,17,M,20998.54,908.19,389.55,Campo Grande,MS,2021-09-12
CLI_00000172,28,X,12071.48,204.98,370.71,Goiania,RO,2020-11-26
CLI_00000173,63,X,9359.87,742.11,0,Campo Grande,GO,2024-02-24
CLI_00000174,61,X,2547.52,274.36,422.12,Goiania,MT,2020-02-14
CLI_00000175,69,X,17818.41,352.13,289.83,Rondonopolis,GO,2024-04-26
CLI_00000176,66,M,6245.9,129.3,406.46,Cuiaba,MS,2023-11-18
CLI_00000177,44,F,9604.53,638.8,415.57,Goiania,SP,2024-11-05
CLI_00000178,76,M,19849.52,230.45,49.27,Rondonopolis,GO,2022-07-22
CLI_00000179,39,M,1264.14,721.79,278.09,Sao Paulo,SP,2023-08-14
CLI_00000180,26,X,22548.92,152.75,410.29,Sao Paulo,GO,2020-02-27
CLI_00000181,57,F,13829.42,345.15,109.28,Campo Grande,MT,2022-05-20
CLI_00000182,28,X,4597.03,233.64,191.29,Goiania,SP,2021-04-13
CLI_00000183,37,X,22409.02,608.37,343.53,Vilhena,SP,2021-08-23
CLI_00000184,43,X,3071.04,839.28,81.4,Rondonopolis,MT,2024-02-09
CLI_00000185,69,F,20883.88,473.24,138.39,Campo Grande,GO,2021-08-06
CLI_00000186,16,F,21210.27,467.96,239.28,Vilhena,GO,2022-08-12
CLI_00000187,70,M,24998.82,675.95,359.96,Rondonopolis,MT,2020-10-02
CLI_00000188,58,F,13352.89,484.68,428.51,Campo Grande,MT,2021-12-14
CLI_00000189,32,M,3448.27,659.02,158.64,Vilhena,MS,2022-07-11
CLI_00000190,70,M,14385.86,826.72,518.75,Sao Paulo,SP,2023-07-11
CLI_00000191,80,M,21976.56,344.81,350.26,Cuiaba,SP,2021-06-23
CLI_00000192,54,F,15157.54,634.82,467.24,Cuiaba,GO,2024-07-18
CLI_00000193,22,M,8349.67,6.21,424.67,Vilhena,MT,2024-09-20
CLI_00000194,64,X,4699.83,673.7,614.53,Rondonopolis,RO,2020-04-02
CLI_00000195,74,X,19351.66,101.36,317.23,Cuiaba,MT,2022-03-26
CLI_00000196,55,X,18101.16,862.45,337.4,Campo Grande,GO,2020-06-01
CLI_00000197,71,X,16474.0,933.86,482.89,Cuiaba,MT,2023-10-23
CLI_00000198,67,M,2799.81,679.96,365.35,Vilhena,RO,2021-08-25
CLI_00000199,68,X,3628.63,644.51,320.21,Cuiaba,GO,2020-01-22
CLI_00000200,31,F,6394.24,121.35,383.66,Goiania,MT,2022-12-19
CLI_00000201,47,M,18658.67,187.41,545.98,Rondonopolis,MS,2020-05-21
CLI_00000202,79,M,17135.08,890.01,380.16,Cuiaba,MT,2020-01-01
CLI_00000203,26,M,8603.29,729.44,450.07,Goiania,RO,2020-06-12
CLI_00000204,72,M,17309.73,144.91,557.42,Cuiaba,SP,2021-11-26
CLI_00000205,69,M,10380.55,786.24,547.27,Vilhena,SP,2022-05-02
CLI_00000206,58,X,18471.88,15.5,210.84,Campo Grande,RO,2022-10-14
CLI_00000207,47,M,10419.09,376.2,314.73,Goiania,SP,2020-06-09
CLI_00000208,50,M,4943.27,920.6,191.37,Cuiaba,SP,2021-10-05
CLI_00000209,51,X,17494.4,913.75,263.84,Vilhena,GO,2023-04-26
CLI_00000210,45,M,15644.18,677.66,351.9,Goiania,MS,2022-10-25
CLI_00000211,17,M,12141.28,87.7,389.79,Campo Grande,GO,2024-09-09
CLI_00000212,57,M,13246.81,201.87,58.13,Campo Grande,MS,2020-03-26
CLI_00000213,53,M,14953.21,358.89,354.77,Campo Grande,MT,2023-06-28
CLI_00000214,29,M,16259.27,787.35,9.3,Campo Grande,SP,2024-01-12
CLI_00000215,51,X,15649.85,94.08,385.31,Vilhena,GO,2024-10-07
CLI_00000216,49,M,11337.61,946.5,591.2,Vilhena,RO,2021-05-27
CLI_00000217,20,M,5983.54,180.74,341.98,Vilhena,SP,2023-08-28
CLI_00000218,24,X,16428.24,922.15,324.35,Rondonopolis,MT,2022-06-19
CLI_00000219,45,X,3336.84,920.89,204.81,Campo Grande,SP,2021-12-08
CLI_00000220,38,F,23612.79,941.17,296.11,Cuiaba,RO,2020-01-09
CLI_00000221,77,F,3605.15,317.68,399.85,Rondonopolis,SP,2024-10-15
CLI_00000222,29,M,8909.26,257.01,303.63,Cuiaba,SP,2023-07-06
CLI_00000223,72,F,20419.79,914.3,431.28,Campo Grande,MT,2021-04-03
CLI_00000224,63,X,4526.35,447.25,194.38,Cuiaba,GO,2020-11-03
CLI_00000225,73,M,8877.06,233.88,407.06,Sao Paulo,MS,2020-03-23
CLI_00000226,73,X,22365.74,438.97,395.12,Campo Grande,SP,2023-07-08
CLI_00000227,35,F,7652.35,839.56,253.96,Goiania,MT,2022-08-16
CLI_00000228,30,F,24491.2,56.85,378.4,Rondonopolis,MS,2024-08-27
CLI_00000229,52,F,7335.48,201.62,0,Campo Grande,MS,2020-07-10
CLI_00000230,69,F,2568.08,726.47,646.82,Sao Paulo,MS,2020-08-26
CLI_00000231,80,M,13356.67,443.01,388.51,Sao Paulo,MS,2022-07-02
CLI_00000232,68,F,7788.96,180.69,0,Campo Grande,RO,2021-12-06
CLI_00000233,41,X,3086.55,87.42,163.8,Sao Paulo,MS,2021-03-20
CLI_00000234,40,X,8531.46,10.04,189.39,Rondonopolis,RO,2023-12-02
CLI_00000235,60,M,7905.83,639.18,361.5,Goiania,GO,2021-11-09
CLI_00000236,47,F,14602.44,985.71,278.14,Cuiaba,MS,2022-10-20
CLI_00000237,16,M,13571.79,445.77,224.26,Rondonopolis,MS,2022-12-28
CLI_00000238,64,X,19081.32,61.21,292.54,Cuiaba,GO,2023-09-01
CLI_00000239,33,F,6996.2,88.59,233.35,Sao Paulo,SP,2024-01-01
CLI_00000240,28,X,18782.22,261.42,238.13,Vilhena,RO,2023-09-08
CLI_00000241,72,F,9546.65,93.91,351.7,Goiania,GO,2024-09-25
CLI_00000242,51,F,4104.49,405.65,408.05,Campo Grande,RO,2024-04-28
CLI_00000243,45,F,17116.86,462.05,9.36,Cuiaba,GO,2023-10-27
CLI_00000244,20,M,24297.7,51.97,520.77,Sao Paulo,SP,2023-04-27
CLI_00000245,58,X,11566.85,981.22,411.01,Goiania,RO,2020-06-17
CLI_00000246,34,X,23437.13,249.28,0,Goiania,MT,2022-02-17
CLI_00000247,39,F,8919.54,200.78,247.84,Goiania,GO,2023-11-02
CLI_00000248,21,F,21801.44,620.93,206.32,Rondonopolis,RO,2022-11-18
CLI_00000249,20,X,3592.0,121.7,409.83,Cuiaba,SP,2020-05-12
CLI_00000250,37,F,2636.07,959.08,309.45,Vilhena,SP,2020-08-19
CLI_00000251,34,M,4149.3,131.37,258.55,Sao Paulo,SP,2021-12-03
CLI_00000252,52,M,15716.87,570.18,447.52,Rondonopolis,GO,2021-09-23
CLI_00000253,62,M,22425.06,303.7,25.42,Cuiaba,MS,2022-04-07
CLI_00000254,65,X,10635.61,924.19,338.45,Campo Grande,MS,2022-09-11
CLI_00000255,78,M,7978.72,987.51,227.24,Campo Grande,RO,2020-10-28
CLI_00000256,60,M,16853.69,517.0,547.51,Goiania,SP,2020-09-08
CLI_00000257,35,M,9220.98,352.45,206.14,Sao Paulo,RO,2020-12-28
CLI_00000258,76,M,19881.63,708.55,114.81,Rondonopolis,MS,2023-02-01
CLI_00000259,68,X,15142.86,497.88,490.08,Goiania,SP,2024-10-04
CLI_00000260,64,M,17684.91,288.06,254.67,Sao Paulo,SP,2022-07-17
CLI_00000261,65,X,8863.45,787.08,403.35,Goiania,SP,2021-09-10
CLI_00000262,34,M,14895.3,581.58,156.93,Cuiaba,SP,2022-10-27
CLI_00000263,47,M,6062.57,426.45,318.61,Cuiaba,SP,2024-08-10
CLI_00000264,55,X,15955.81,437.16,288.28,Vilhena,GO,2023-08-12
CLI_00000265,21,X,17294.19,453.07,356.29,Campo Grande,MT,2023-06-17
CLI_00000266,67,X,14559.86,574.05,303.68,Campo Grande,GO,2023-07-15
CLI_00000267,59,X,13817.3,815.89,362.71,Cuiaba,SP,2024-03-04
CLI_00000268,53,X,9371.85,935.39,415.31,Vilhena,GO,2021-09-10
CLI_00000269,42,X,22456.76,412.26,479.86,Cuiaba,SP,2024-11-21
CLI_00000270,21,X,10991.74,787.64,371.43,Sao Paulo,RO,2020-05-13
CLI_00000271,28,X,1567.5,29.53,416.29,Vilhena,SP,2024-09-05
CLI_00000272,41,M,15521.46,145.35,528.93,Vilhena,RO,2020-01-04
CLI_00000273,25,F,23758.5,490.43,144.1,Cuiaba,MT,2024-06-05
CLI_00000274,46,M,7755.66,32.89,332.27,Rondonopolis,MT,2024-02-12
CLI_00000275,40,M,16051.27,19.55,328.18,Cuiaba,GO,2020-10-08
CLI_00000276,47,F,2246.69,930.82,447.96,Campo Grande,SP,2020-08-10
CLI_00000277,69,X,7196.83,886.83,355.63,Rondonopolis,GO,2024-04-14
CLI_00000278,55,M,22032.33,484.39,292.81,Campo Grande,MT,2021-03-12
CLI_00000279,64,F,1381.63,882.3,186.89,Sao Paulo,RO,2023-06-13
CLI_00000280,24,F,11250.19,912.99,386.58,Vilhena,MS,2023-04-15
CLI_00000281,52,M,6844.76,34.92,229.68,Campo Grande,MS,2021-02-07
CLI_00000282,50,X,21073.19,127.79,182.32,Goiania,GO,2021-03-12
CLI_00000283,61,F,18394.7,376.89,398.98,Goiania,RO,2021-04-28
CLI_00000284,73,X,4316.49,706.47,273.53,Sao Paulo,RO,2023-10-12
CLI_00000285,47,M,15675.25,212.54,353.39,Vilhena,MT,2024-05-24
CLI_00000286,65,F,16849.01,567.68,244.82,Sao Paulo,MT,2023-12-03
CLI_00000287,38,F,8840.68,662.75,449.31,Sao Paulo,RO,2022-04-03
CLI_00000288,55,F,6588.91,126.13,421.88,Rondonopolis,GO,2022-06-13
CLI_00000289,75,X,22209.59,861.28,381.41,Cuiaba,SP,2022-07-01
CLI_00000290,75,F,24998.56,400.53,389.1,Rondonopolis,MT,2021-05-04
CLI_00000291,50,X,18670.47,712.59,341.48,Campo Grande,GO,2021-05-05
CLI_00000292,64,X,2133.77,310.92,310.78,Rondonopolis,MS,2024-04-19
CLI_00000293,79,X,13594.55,925.69,205.58,Cuiaba,MT,2022-01-28
CLI_00000294,22,F,17409.44,37.13,127.9,Sao Paulo,MS,2022-12-03
CLI_00000295,69,X,18905.61,998.11,220.67,Vilhena,MT,2022-07-15
CLI_00000296,59,X,13173.18,688.41,229.76,Rondonopolis,GO,2024-01-22
CLI_00000297,42,M,17220.28,846.56,330.71,Campo Grande,MT,2024-05-06
CLI_00000298,36,X,6816.88,260.28,128.79,Cuiaba,MS,2022-06-14
CLI_00000299,27,F,16348.83,137.19,232.46,Goiania,MS,2021-01-17
CLI_00000300,72,F,23473.08,351.46,140.55,Sao Paulo,MS,2021-10-19
CLI_00000301,46,M,16179.76,117.97,0,Rondonopolis,MS,2024-08-27
CLI_00000302,67,F,3924.58,289.34,462.85,Sao Paulo,GO,2021-01-02
CLI_00000303,51,M,5891.29,701.62,230.43,Sao Paulo,GO,2023-10-12
CLI_00000304,53,F,14469.25,45.58,323.57,Goiania,GO,2020-12-23
CLI_00000305,58,X,14614.95,108.8,140.29,Campo Grande,RO,2022-01-12
CLI_00000306,27,X,8006.16,613.36,311.18,Rondonopolis,SP,2021-02-05
CLI_00000307,19,F,19631.64,839.58,272.41,Rondonopolis,RO,2021-02-26
CLI_00000308,55,X,15879.72,379.38,392.11,Rondonopolis,SP,2022-04-12
CLI_00000309,33,X,23089.16,837.82,298.85,Cuiaba,RO,2023-01-07
CLI_00000310,79,M,13088.82,157.48,351.71,Sao Paulo,RO,2024-11-03
CLI_00000311,34,X,6614.48,138.3,200.77,Cuiaba,GO,2023-04-07
CLI_00000312,63,F,1962.11,610.74,184.91,Vilhena,GO,2021-05-03
CLI_00000313,23,X,18116.51,890.62,318.41,Campo Grande,MS,2023-05-01
CLI_00000314,72,X,17271.22,567.52,307.66,Goiania,MT,2024-06-17
CLI_00000315,74,M,24316.84,908.71,569.33,Vilhena,RO,2020-01-24
CLI_00000316,58,X,16870.78,565.02,0,Goiania,SP,2023-11-21
CLI_00000317,33,M,21793.25,530.4,105.7,Campo Grande,GO,2020-03-22
CLI_00000318,63,X,15022.28,416.38,83.08,Vilhena,MS,2024-08-13
CLI_00000319,49,F,6608.42,968.53,372.94,Campo Grande,SP,2020-04-17
CLI_00000320,48,X,12844.8,554.02,538.82,Campo Grande,RO,2024-12-04
CLI_00000321,26,M,17371.94,800.33,417.92,Vilhena,MT,2024-02-15
CLI_00000322,66,X,5275.87,960.03,432.55,Vilhena,GO,2020-03-12
CLI_00000323,23,M,6838.27,372.35,500.57,Campo Grande,GO,2022-02-23
CLI_00000324,33,M,22823.14,87.71,319.18,Campo Grande,RO,2020-12-28
CLI_00000325,61,F,9934.18,841.47,381.64,Cuiaba,SP,2020-04-12
CLI_00000326,61,X,12837.92,816.55,69.18,Sao Paulo,MT,2022-09-11
CLI_00000327,30,F,23223.5,675.22,297.16,Goiania,MT,2024-08-04
CLI_00000328,18,M,3827.93,800.69,398.23,Campo Grande,MS,2024-05-28
CLI_00000329,64,F,15201.91,250.26,553.91,Sao Paulo,GO,2020-01-11
CLI_00000330,35,M,13142.24,873.06,295.64,Cuiaba,MT,2021-10-27
CLI_00000331,66,M,24227.2,692.92,197.36,Vilhena,RO,2020-06-11
CLI_00000332,43,M,22476.83,589.22,334.36,Cuiaba,MS,2021-06-24
CLI_00000333,75,M,14933.61,387.88,290.03,Vilhena,GO,2022-04-01
CLI_00000334,47,M,22055.44,608.66,313.07,Rondonopolis,MS,2021-05-13
CLI_00000335,50,F,13100.04,262.07,133.14,Campo Grande,MT,2024-02-28
CLI_00000336,41,M,16267.82,634.62,222.81,Sao Paulo,SP,2021-03-22
CLI_00000337,25,M,24118.38,341.5,108.95,Campo Grande,SP,2024-12-13
CLI_00000338,58,F,17960.56,671.75,523.25,Goiania,RO,2022-04-26
CLI_00000339,46,M,4789.27,205.36,471.32,Goiania,GO,2023-10-25
CLI_00000340,54,F,15165.67,143.81,156.02,Rondonopolis,SP,2022-12-19
CLI_00000341,59,F,23125.14,583.34,382.48,Vilhena,SP,2023-06-25
CLI_00000342,70,X,21865.71,67.75,345.37,Goiania,SP,2021-05-09
CLI_00000343,18,F,16109.5,236.9,346.52,Goiania,MS,2024-05-28
CLI_00000344,80,X,3569.76,241.74,305.9,Cuiaba,MS,2024-01-03
CLI_00000345,25,X,9319.62,136.67,370.5,Cuiaba,SP,2020-04-11
CLI_00000346,57,X,1844.61,486.32,472.27,Vilhena,SP,2021-01-28
CLI_00000347,69,F,3275.31,612.79,372.33,Goiania,SP,2023-01-01
CLI_00000348,56,X,16767.4,313.44,0,Goiania,RO,2022-03-03
CLI_00000349,18,F,6209.47,529.48,376.1,Sao Paulo,GO,2022-09-22
CLI_00000350,35,X,24557.15,574.97,181.09,Campo Grande,RO,2022-12-16
CLI_00000351,20,X,8560.22,772.61,463.15,Sao Paulo,SP,2024-09-09
CLI_00000352,32,M,1415.16,475.76,276.66,Rondonopolis,SP,2021-11-08
CLI_00000353,67,F,23499.42,624.63,435.08,Campo Grande,RO,2021-05-20
CLI_00000354,62,X,4753.71,177.43,430.45,Rondonopolis,MS,2024-01-12
CLI_00000355,47,M,24579.48,498.94,209.61,Goiania,GO,2021-06-26
CLI_00000356,19,F,16908.67,15.44,196.0,Rondonopolis,GO,2022-01-08
CLI_00000357,64,M,22787.09,375.57,135.89,Cuiaba,SP,2020-05-23
CLI_00000358,71,F,6706.86,203.21,51.71,Goiania,SP,2022-08-07
CLI_00000359,36,M,21741.06,869.26,272.88,Sao Paulo,SP,2020-06-01
CLI_00000360,78,F,5046.03,682.77,548.85,Vilhena,GO,2021-10-02
CLI_00000361,42,X,9776.67,779.81,362.19,Campo Grande,SP,2020-02-05
CLI_00000362,17,F,22896.25,150.8,227.97,Rondonopolis,SP,2020-03-15
CLI_00000363,66,F,11058.0,642.16,223.53,Sao Paulo,MT,2024-04-07
CLI_00000364,17,F,4409.0,595.18,170.04,Vilhena,GO,2020-12-01
CLI_00000365,22,M,2736.45,110.35,684.01,Vilhena,GO,2020-03-08
CLI_00000366,34,X,18769.43,500.73,194.08,Cuiaba,RO,2022-08-03
CLI_00000367,60,F,21505.61,972.07,309.47,Rondonopolis,MS,2020-05-09
CLI_00000368,24,F,5875.43,47.86,357.37,Vilhena,SP,2022-01-11
CLI_00000369,21,X,11999.02,282.14,225.08,Rondonopolis,SP,2023-07-11
CLI_00000370,69,M,24355.89,387.08,434.76,Goiania,GO,2021-11-01
CLI_00000371,46,X,13125.02,988.64,215.86,Campo Grande,MS,2020-02-27
CLI_00000372,20,X,2378.34,694.19,72.31,Sao Paulo,GO,2024-11-11
CLI_00000373,74,X,1222.19,746.21,408.47,Vilhena,RO,2023-04-27
CLI_00000374,64,M,18149.72,393.52,157.36,Vilhena,SP,2024-11-22
CLI_00000375,57,F,16167.83,543.07,334.54,Sao Paulo,SP,2023-12-12
CLI_00000376,77,X,6465.13,142.09,503.64,Vilhena,SP,2024-04-17
CLI_00000377,37,M,6879.68,172.35,372.71,Rondonopolis,MT,2022-07-12
CLI_00000378,70,F,10958.62,702.62,150.11,Goiania,MT,2022-06-22
CLI_00000379,54,M,16961.26,275.01,258.95,Cuiaba,GO,2023-12-26
CLI_00000380,38,X,4767.16,680.18,457.82,Sao Paulo,GO,2024-11-08
CLI_00000381,63,X,9294.25,381.13,399.82,Vilhena,SP,2020-10-06
CLI_00000382,55,X,14162.91,916.92,311.19,Sao Paulo,MS,2022-08-03
CLI_00000383,79,F,6000.05,423.15,354.67,Sao Paulo,MT,2023-07-12
CLI_00000384,21,X,19123.68,969.78,99.25,Goiania,RO,2022-06-08
CLI_00000385,65,X,4281.48,618.56,590.19,Vilhena,SP,2020-11-07
CLI_00000386,58,F,3102.55,445.52,259.05,Goiania,RO,2023-08-21
CLI_00000387,19,F,15308.08,462.54,21.1,Goiania,GO,2021-02-15
CLI_00000388,66,M,4419.69,752.8,367.55,Cuiaba,MS,2021-07-18
CLI_00000389,21,X,8196.75,330.15,173.41,Cuiaba,MS,2020-10-27
CLI_00000390,17,F,13027.25,848.15,408.14,Campo Grande,RO,2023-01-27
CLI_00000391,41,X,9187.01,863.0,63.35,Vilhena,MS,2023-01-28
CLI_00000392,34,M,9157.19,518.22,222.49,Cuiaba,MS,2024-05-17
CLI_00000393,49,F,8650.36,255.02,420.75,Vilhena,GO,2020-05-10
CLI_00000394,47,M,20286.93,856.64,151.93,Sao Paulo,SP,2021-03-02
CLI_00000395,42,X,16723.62,932.45,168.99,Campo Grande,SP,2022-04-15
CLI_00000396,22,X,8679.55,533.08,103.73,Goiania,RO,2022-01-09
CLI_00000397,44,M,8138.52,710.56,365.02,Goiania,GO,2023-04-07
CLI_00000398,23,F,11522.55,639.27,109.94,Cuiaba,MS,2020-10-16
CLI_00000399,39,F,23153.08,561.06,355.17,Rondonopolis,SP,2021-09-27
CLI_00000400,36,F,19705.59,715.31,132.7,Vilhena,MT,2023-02-07
CLI_00000401,27,F,11069.65,658.88,284.45,Rondonopolis,GO,2021-01-23
CLI_00000402,33,F,5011.43,446.31,625.73,Campo Grande,RO,2022-12-18
CLI_00000403,35,M,22903.31,324.39,346.73,Rondonopolis,MS,2023-01-11
CLI_00000404,64,F,16450.64,223.36,227.68,Vilhena,MT,2021-08-05
CLI_00000405,39,M,9129.72,401.37,435.55,Rondonopolis,MS,2024-09-03
CLI_00000406,53,M,9481.18,750.37,333.73,Goiania,MT,2021-08-09
CLI_00000407,54,X,15097.05,756.25,350.93,Campo Grande,RO,2022-01-19
CLI_00000408,28,F,9394.31,944.4,461.29,Rondonopolis,SP,2020-03-11
CLI_00000409,60,M,12648.77,329.56,252.52,Sao Paulo,MT,2024-08-04
CLI_00000410,30,F,15375.18,461.4,354.51,Cuiaba,MT,2024-10-04
CLI_00000411,68,X,17776.85,415.33,331.11,Rondonopolis,MS,2022-03-22
CLI_00000412,27,M,1317.85,644.76,249.01,Goiania,SP,2021-05-04
CLI_00000413,29,F,3986.29,496.13,226.88,Goiania,MS,2021-10-18
CLI_00000414,21,X,7298.2,949.4,283.18,Sao Paulo,GO,2024-04-05
CLI_00000415,46,X,21942.35,501.8,320.23,Cuiaba,GO,2024-04-23
CLI_00000416,45,F,19051.0,153.66,283.39,Sao Paulo,MT,2023-07-20
CLI_00000417,30,M,14761.52,120.75,245.87,Campo Grande,RO,2024-12-27
CLI_00000418,23,F,2938.67,337.3,209.92,Cuiaba,MT,2021-10-25
CLI_00000419,38,M,9341.31,810.55,0,Cuiaba,SP,2023-07-02
CLI_00000420,27,F,4723.94,511.4,380.33,Campo Grande,MS,2022-03-07
CLI_00000421,41,F,17527.66,708.6,310.34,Goiania,MT,2023-09-25
CLI_00000422,58,F,19084.78,636.39,304.62,Campo Grande,MT,2022-07-03
CLI_00000423,60,X,5061.01,965.75,184.17,Campo Grande,SP,2022-01-24
CLI_00000424,75,X,15251.08,435.32,80.51,Rondonopolis,RO,2022-12-19
CLI_00000425,30,F,24249.35,787.48,296.39,Campo Grande,MS,2021-10-15
CLI_00000426,46,M,14885.09,933.25,586.35,Rondonopolis,MT,2023-11-26
CLI_00000427,66,X,17451.98,941.71,370.19,Cuiaba,MS,2022-11-20
CLI_00000428,70,M,1306.99,489.05,163.87,Cuiaba,MT,2023-07-14
CLI_00000429,54,M,4670.76,545.4,430.1,Goiania,RO,2020-05-11
CLI_00000430,27,M,5657.47,889.56,374.86,Goiania,RO,2021-02-07
CLI_00000431,21,M,20785.88,184.11,249.23,Sao Paulo,MS,2021-06-27
CLI_00000432,66,M,13092.37,955.78,673.85,Vilhena,RO,2021-03-13
CLI_00000433,17,F,21513.11,103.74,305.02,Rondonopolis,SP,2022-11-04
CLI_00000434,64,F,23300.96,893.8,493.55,Rondonopolis,GO,2020-09-20
CLI_00000435,58,M,7539.0,295.83,219.67,Rondonopolis,GO,2024-11-02
CLI_00000436,79,M,9856.6,976.2,521.68,Cuiaba,MT,2024-07-15
CLI_00000437,55,X,22408.4,728.86,299.95,Sao Paulo,GO,2021-01-09
CLI_00000438,34,F,15183.64,576.77,259.9,Cuiaba,GO,2021-12-19
CLI_00000439,51,X,19346.36,291.17,149.29,Goiania,MT,2023-08-23
CLI_00000440,62,X,22687.69,324.2,256.95,Vilhena,GO,2020-09-12
CLI_00000441,33,F,13480.63,877.39,428.8,Campo Grande,SP,2020-10-10
CLI_00000442,65,M,24098.59,187.15,509.15,Sao Paulo,GO,2021-10-11
CLI_00000443,72,M,3780.59,260.21,183.62,Goiania,SP,2020-04-20
CLI_00000444,73,X,21123.17,637.11,391.48,Sao Paulo,MT,2021-05-25
CLI_00000445,76,X,14498.13,670.6,301.99,Sao Paulo,GO,2024-05-28
CLI_00000446,31,M,11901.85,11.75,179.62,Vilhena,RO,2022-06-20
CLI_00000447,62,M,24535.59,885.89,347.94,Vilhena,GO,2020-05-06
CLI_00000448,38,X,16287.05,692.02,252.42,Goiania,GO,2022-07-13
CLI_00000449,79,M,9523.37,185.74,427.87,Vilhena,GO,2022-03-07
CLI_00000450,59,X,2769.61,413.21,166.59,Vilhena,MT,2024-11-08
CLI_00000451,71,M,6291.7,728.75,349.66,Campo Grande,MS,2021-11-28
CLI_00000452,46,X,4173.61,282.61,79.22,Cuiaba,GO,2022-03-21
CLI_00000453,65,X,22531.08,712.02,327.56,Vilhena,SP,2024-04-08
CLI_00000454,55,F,9761.85,568.99,97.46,Cuiaba,SP,2020-12-17
CLI_00000455,25,F,21158.57,325.14,511.25,Campo Grande,GO,2022-09-02
CLI_00000456,73,X,14406.9,807.38,304.55,Cuiaba,RO,2023-02-16
CLI_00000457,44,M,16180.89,340.1,205.21,Campo Grande,RO,2021-05-27
CLI_00000458,19,F,19718.53,28.37,469.8,Vilhena,SP,2023-06-03
CLI_00000459,51,X,3330.57,112.38,12.19,Goiania,MS,2020-06-18
CLI_00000460,58,X,24672.81,71.38,537.16,Goiania,RO,2021-07-15
CLI_00000461,74,F,9331.98,189.91,199.82,Campo Grande,MT,2024-01-15
CLI_00000462,41,X,18884.97,773.32,370.06,Campo Grande,RO,2022-12-26
CLI_00000463,18,X,18396.29,719.51,393.98,Cuiaba,RO,2022-09-12
CLI_00000464,36,X,16247.03,991.47,339.09,Sao Paulo,MT,2020-12-06
CLI_00000465,61,M,22595.83,804.48,233.12,Cuiaba,MS,2022-08-16
CLI_00000466,26,M,20115.05,476.24,319.4,Campo Grande,MT,2024-10-09
CLI_00000467,65,F,9620.82,656.33,390.78,Sao Paulo,RO,2023-12-24
CLI_00000468,65,F,20522.49,841.37,262.41,Campo Grande,MS,2020-02-07
CLI_00000469,64,F,1417.16,830.31,337.6,Cuiaba,MS,2024-09-03
CLI_00000470,57,M,16065.02,885.31,136.83,Goiania,MS,2020-04-07
CLI_00000471,61,M,22158.19,98.06,559.45,Goiania,GO,2024-10-21
CLI_00000472,72,F,14769.81,719.19,48.89,Goiania,MS,2023-11-22
CLI_00000473,46,X,16659.0,692.03,218.36,Goiania,RO,2023-02-23
CLI_00000474,46,F,1316.62,566.08,314.66,Rondonopolis,MS,2020-04-04
CLI_00000475,41,F,2105.96,48.68,320.78,Campo Grande,MT,2024-11-19
CLI_00000476,68,M,2183.49,467.92,645.94,Goiania,MT,2020-03-05
CLI_00000477,36,X,13388.61,105.8,372.47,Cuiaba,MT,2020-09-21
CLI_00000478,26,X,14566.65,612.81,0,Vilhena,MT,2020-11-18
CLI_00000479,53,M,10647.62,7.63,298.96,Vilhena,GO,2021-02-23
CLI_00000480,42,X,11411.34,110.4,266.9,Cuiaba,RO,2024-06-22
CLI_00000481,28,F,18578.13,849.73,340.18,Sao Paulo,SP,2022-05-25
CLI_00000482,53,F,12960.43,576.24,243.45,Sao Paulo,MS,2020-02-03
CLI_00000483,21,F,17452.47,767.36,333.3,Goiania,RO,2024-11-07
CLI_00000484,26,F,21125.08,716.67,444.2,Cuiaba,MS,2023-01-06
CLI_00000485,53,M,7280.01,134.14,368.1,Cuiaba,SP,2023-02-06
CLI_00000486,72,F,24544.81,654.02,17.8,Goiania,RO,2022-05-26
CLI_00000487,47,F,11015.5,20.93,337.68,Sao Paulo,MT,2021-06-26
CLI_00000488,26,X,5039.06,35.38,610.5,Sao Paulo,GO,2022-06-03
CLI_00000489,31,M,5034.51,530.92,190.31,Goiania,RO,2020-11-07
CLI_00000490,43,M,19170.7,885.66,149.15,Rondonopolis,SP,2023-12-04
CLI_00000491,38,X,11624.21,686.88,209.51,Goiania,MS,2022-05-01
CLI_00000492,27,X,21816.56,641.14,68.73,Vilhena,RO,2021-11-03
CLI_00000493,24,X,10508.91,77.94,276.25,Cuiaba,SP,2020-03-18
CLI_00000494,30,X,12949.89,969.54,115.72,Rondonopolis,SP,2023-03-04
CLI_00000495,48,M,10595.8,696.77,509.65,Cuiaba,GO,2022-06-27
CLI_00000496,42,F,10433.99,784.5,700.32,Cuiaba,MS,2022-11-11
CLI_00000497,51,X,1433.37,189.95,372.73,Rondonopolis,RO,2022-11-09
CLI_00000498,39,F,4619.09,97.1,250.5,Cuiaba,GO,2022-11-03
CLI_00000499,44,F,2742.22,14.82,347.56,Sao Paulo,SP,2024-12-06
CLI_00000500,33,M,19953.9,251.65,236.69,Sao Paulo,MS,2024-11-04
CLI_00000501,47,F,7989.65,380.77,309.91,Campo Grande,MS,2023-06-08
CLI_00000502,76,M,21897.92,50.57,193.64,Rondonopolis,GO,2022-04-10
CLI_00000503,19,M,11632.6,115.84,70.93,Cuiaba,GO,2020-08-16
CLI_00000504,38,F,11334.72,60.71,358.89,Campo Grande,MT,2022-06-15
CLI_00000505,76,F,23490.8,554.79,395.83,Rondonopolis,MS,2024-10-28
CLI_00000506,64,F,2625.65,431.85,346.22,Cuiaba,MS,2024-03-17
CLI_00000507,56,F,3615.69,477.35,0,Rondonopolis,MS,2020-08-21
CLI_00000508,56,F,6086.93,662.93,371.35,Sao Paulo,MT,2020-12-16
CLI_00000509,77,M,5483.35,10.88,196.73,Cuiaba,GO,2020-09-21
CLI_00000510,45,M,17013.95,139.3,152.13,Sao Paulo,MS,2023-06-24
CLI_00000511,21,M,16823.68,650.82,291.73,Goiania,MT,2023-04-28
CLI_00000512,20,M,11648.57,140.48,274.67,Campo Grande,SP,2022-10-07
CLI_00000513,24,M,1795.62,165.18,190.04,Cuiaba,GO,2022-09-28
CLI_00000514,78,X,24806.09,621.22,433.05,Campo Grande,MS,2023-04-10
CLI_00000515,74,M,6585.52,961.21,233.16,Sao Paulo,GO,2020-10-12
CLI_00000516,36,F,20907.06,0.16,438.01,Vilhena,SP,2024-08-16
CLI_00000517,65,F,7413.54,562.1,276.73,Campo Grande,RO,2021-10-11
CLI_00000518,23,F,6776.58,167.5,453.83,Vilhena,GO,2023-05-19
CLI_00000519,44,F,23974.99,268.93,443.46,Cuiaba,GO,2020-01-10
CLI_00000520,25,M,19132.49,175.17,245.29,Campo Grande,GO,2020-09-13
CLI_00000521,54,X,16751.24,512.8,383.36,Rondonopolis,RO,2024-11-26
CLI_00000522,63,X,24104.53,192.68,374.99,Cuiaba,RO,2022-10-13
CLI_00000523,39,X,23966.76,643.48,0,Sao Paulo,MT,2020-10-22
CLI_00000524,76,F,17196.2,799.6,497.03,Cuiaba,GO,2023-06-22
CLI_00000525,39,M,24012.03,785.69,317.07,Campo Grande,RO,2023-07-05
CLI_00000526,45,M,18699.37,359.68,458.29,Rondonopolis,GO,2022-03-08
CLI_00000527,43,M,3891.71,509.88,455.29,Rondonopolis,MT,2023-10-15
CLI_00000528,58,X,14121.61,345.1,162.33,Goiania,SP,2021-08-23
CLI_00000529,18,X,17287.92,160.94,37.41,Sao Paulo,RO,2021-11-08
CLI_00000530,41,M,19435.35,300.85,580.67,Sao Paulo,MS,2020-10-15
CLI_00000531,21,F,22550.61,595.51,136.12,Cuiaba,MT,2020-03-03
CLI_00000532,47,F,5331.36,174.54,400.77,Rondonopolis,MS,2020-01-04
CLI_00000533,26,F,24285.06,148.62,206.83,Sao Paulo,SP,2023-12-16
CLI_00000534,49,M,2508.53,83.93,456.74,Campo Grande,SP,2020-02-20
CLI_00000535,22,X,24370.73,131.77,390.5,Vilhena,GO,2021-04-20
CLI_00000536,22,F,21166.65,422.82,201.3,Sao Paulo,MT,2021-05-26
CLI_00000537,25,M,3442.18,586.22,384.83,Goiania,MS,2024-02-27
CLI_00000538,76,X,11564.22,13.15,519.46,Vilhena,MS,2020-11-15
CLI_00000539,46,M,13131.01,521.85,274.7,Campo Grande,MT,2021-09-10
CLI_00000540,43,X,18285.44,454.24,344.78,Campo Grande,MS,2021-05-22
CLI_00000541,49,F,4944.83,226.31,337.53,Rondonopolis,SP,2023-06-17
CLI_00000542,55,F,19636.15,315.5,21.54,Sao Paulo,MT,2022-09-08
CLI_00000543,35,F,23373.65,877.28,203.3,Cuiaba,RO,2024-06-22
CLI_00000544,76,X,8596.31,74.94,323.69,Rondonopolis,MT,2024-07-14
CLI_00000545,77,F,7211.91,668.53,323.08,Goiania,GO,2022-09-15
CLI_00000546,56,X,2415.07,769.15,429.25,Cuiaba,SP,2021-01-28
CLI_00000547,32,F,12287.66,619.35,282.54,Rondonopolis,SP,2023-09-03
CLI_00000548,34,M,17799.23,715.87,353.76,Rondonopolis,MT,2020-05-25
CLI_00000549,33,X,3735.87,70.64,395.09,Goiania,MS,2021-03-13
CLI_00000550,70,X,9245.17,123.27,458.47,Campo Grande,GO,2024-02-03
CLI_00000551,49,X,23566.72,720.19,218.6,Campo Grande,RO,2022-08-13
CLI_00000552,41,X,19939.95,749.0,370.21,Goiania,MT,2024-06-26
CLI_00000553,47,F,7272.74,469.21,384.91,Vilhena,SP,2022-03-24
CLI_00000554,59,X,5663.05,418.42,294.96,Cuiaba,MS,2024-06-01
CLI_00000555,48,X,2136.76,37.52,407.88,Sao Paulo,SP,2022-05-12
CLI_00000556,61,M,10202.18,110.24,298.37,Campo Grande,MT,2023-11-25
CLI_00000557,47,X,20339.37,990.64,265.44,Sao Paulo,SP,2024-11-11
CLI_00000558,64,M,21184.92,133.59,50.86,Vilhena,SP,2020-06-28
CLI_00000559,38,M,22116.43,139.09,529.3,Rondonopolis,RO,2020-09-15
CLI_00000560,59,M,19833.22,782.24,206.29,Campo Grande,SP,2022-04-03
CLI_00000561,28,F,8985.84,25.99,331.04,Cuiaba,RO,2020-08-24
CLI_00000562,22,F,21665.77,640.07,196.91,Sao Paulo,GO,2023-05-21
CLI_00000563,76,M,22612.02,733.74,184.91,Vilhena,MT,2024-10-27
CLI_00000564,24,M,11818.04,11.8,582.75,Rondonopolis,MS,2021-04-12
CLI_00000565,62,X,17762.53,124.86,334.32,Vilhena,RO,2023-01-23
CLI_00000566,32,M,24969.69,183.81,279.51,Sao Paulo,RO,2022-02-08
CLI_00000567,23,F,9928.05,942.14,293.14,Rondonopolis,MT,2023-04-11
CLI_00000568,54,M,13469.87,972.49,212.38,Goiania,RO,2024-01-22
CLI_00000569,34,X,23968.61,999.96,52.31,Campo Grande,MT,2024-02-28
CLI_00000570,62,F,23190.79,207.39,199.95,Cuiaba,RO,2021-09-15
CLI_00000571,35,X,6278.43,153.21,265.49,Campo Grande,RO,2022-10-09
CLI_00000572,45,M,6351.12,628.48,314.1,Cuiaba,MT,2020-06-23
CLI_00000573,37,X,19830.31,538.57,331.3,Campo Grande,RO,2021-04-19
CLI_00000574,30,X,12203.96,594.17,576.89,Campo Grande,SP,2023-09-02
CLI_00000575,78,F,11734.49,86.34,542.59,Rondonopolis,GO,2021-06-15
CLI_00000576,37,X,6351.46,543.02,413.47,Goiania,MS,2021-04-06
CLI_00000577,68,M,15913.41,303.19,355.36,Cuiaba,MS,2021-10-11
CLI_00000578,31,X,8247.98,417.64,389.61,Goiania,RO,2023-08-09
CLI_00000579,76,X,5911.34,591.97,356.13,Cuiaba,SP,2023-02-13
CLI_00000580,28,M,18670.42,335.57,372.04,Rondonopolis,GO,2021-08-28
CLI_00000581,16,F,21418.07,728.46,170.92,Rondonopolis,GO,2023-10-10
CLI_00000582,36,X,16727.02,746.6,467.55,Cuiaba,MS,2022-11-28
CLI_00000583,67,M,15242.59,677.25,106.41,Vilhena,RO,2023-11-06
CLI_00000584,52,F,4436.42,904.42,604.8,Cuiaba,RO,2022-08-15
CLI_00000585,79,M,9850.05,895.15,191.51,Sao Paulo,GO,2020-06-09
CLI_00000586,65,X,15697.73,785.96,449.65,Sao Paulo,MT,2022-07-03
CLI_00000587,62,X,14026.83,275.82,162.24,Campo Grande,GO,2020-02-07
CLI_00000588,42,F,18733.98,140.58,541.98,Sao Paulo,MS,2021-01-14
CLI_00000589,49,F,18655.38,720.14,607.32,Vilhena,RO,2020-03-14
CLI_00000590,40,F,19003.59,858.61,105.86,Goiania,GO,2020-11-28
CLI_00000591,38,X,4206.37,301.7,376.61,Cuiaba,MT,2022-12-23
CLI_00000592,37,F,12228.08,107.11,344.73,Campo Grande,RO,2022-11-07
CLI_00000593,62,F,24500.41,434.46,211.25,Campo Grande,GO,2020-11-23
CLI_00000594,38,F,5481.59,152.24,372.58,Sao Paulo,MT,2023-09-20
CLI_00000595,20,M,14226.41,884.41,460.67,Cuiaba,RO,2022-11-13
CLI_00000596,34,F,22973.08,560.82,313.97,Campo Grande,GO,2021-12-13
CLI_00000597,36,X,16578.05,500.31,506.4,Cuiaba,SP,2023-12-22
CLI_00000598,40,X,10256.47,662.69,191.21,Sao Paulo,GO,2024-10-06
CLI_00000599,56,M,5742.54,993.51,353.81,Vilhena,MT,2024-12-11
CLI_00000600,56,X,19229.81,262.29,514.95,Vilhena,SP,2021-10-28
CLI_00000601,78,M,21631.3,988.76,18.61,Cuiaba,MS,2023-02-19
CLI_00000602,69,M,15159.23,427.28,314.08,Cuiaba,MT,2024-03-04
CLI_00000603,64,M,22061.0,606.15,14.78,Sao Paulo,MT,2023-11-12
CLI_00000604,28,F,12953.78,721.8,422.65,Campo Grande,MT,2022-05-26
CLI_00000605,63,F,23094.65,943.08,458.23,Vilhena,SP,2023-11-28
CLI_00000606,56,M,17465.57,697.37,297.91,Cuiaba,MT,2021-11-10
CLI_00000607,22,X,24721.19,540.95,295.2,Rondonopolis,GO,2021-05-27
CLI_00000608,80,F,11786.78,25.57,220.61,Cuiaba,MT,2021-08-20
CLI_00000609,76,X,3115.95,291.0,409.99,Campo Grande,MT,2021-09-09
CLI_00000610,59,F,5098.31,929.91,126.41,Goiania,MS,2022-05-02
CLI_00000611,44,F,22773.19,612.86,553.37,Rondonopolis,GO,2024-10-28
CLI_00000612,72,F,3540.37,913.75,253.42,Sao Paulo,MT,2023-04-21
CLI_00000613,75,M,20785.45,962.0,378.6,Rondonopolis,MT,2024-06-13
CLI_00000614,37,F,22593.38,469.57,258.84,Sao Paulo,RO,2022-02-18
CLI_00000615,79,X,9018.12,342.8,421.07,Cuiaba,MS,2023-10-10
CLI_00000616,58,M,14950.49,178.21,382.66,Cuiaba,SP,2021-08-04
CLI_00000617,52,M,16181.63,563.02,516.18,Sao Paulo,GO,2021-09-28
CLI_00000618,38,M,5682.43,190.42,227.09,Sao Paulo,MS,2024-02-14
CLI_00000619,17,F,14365.21,205.77,224.86,Campo Grande,MT,2022-02-07
CLI_00000620,16,M,2371.93,426.55,296.47,Sao Paulo,SP,2024-12-01
CLI_00000621,69,M,22680.21,589.51,310.96,Campo Grande,MS,2021-02-07
CLI_00000622,31,M,15134.26,739.67,278.28,Sao Paulo,GO,2023-12-01
CLI_00000623,24,X,20963.8,981.22,490.91,Sao Paulo,RO,2021-07-12
CLI_00000624,18,F,24855.76,993.58,458.95,Vilhena,RO,2023-03-12
CLI_00000625,62,X,4374.86,919.11,171.35,Campo Grande,MS,2021-03-04
CLI_00000626,31,F,8560.98,567.11,436.89,Cuiaba,RO,2023-07-15
CLI_00000627,17,X,2582.63,422.66,320.97,Campo Grande,SP,2021-02-27
CLI_00000628,77,X,10423.06,335.52,551.38,Cuiaba,MS,2020-08-17
CLI_00000629,46,F,15576.05,180.91,356.29,Sao Paulo,MT,2022-11-03
CLI_00000630,70,M,2965.68,778.98,326.27,Goiania,MS,2021-03-10
CLI_00000631,71,M,23370.05,106.16,0,Vilhena,MT,2023-02-28
CLI_00000632,36,X,20006.34,284.91,270.72,Cuiaba,SP,2020-02-17
CLI_00000633,40,X,10825.41,228.92,329.25,Goiania,MT,2021-08-01
CLI_00000634,44,X,10681.25,198.38,412.39,Cuiaba,RO,2022-06-11
CLI_00000635,47,M,16942.02,330.18,451.32,Goiania,MT,2021-02-03
CLI_00000636,23,X,5767.31,263.14,336.73,Rondonopolis,MT,2023-09-22
CLI_00000637,78,M,5817.65,669.82,27.26,Sao Paulo,MT,2024-08-05
CLI_00000638,34,F,12711.49,127.05,307.53,Rondonopolis,MT,2021-10-24
CLI_00000639,21,X,20011.84,74.9,335.51,Campo Grande,RO,2022-06-06
CLI_00000640,62,M,18150.75,276.93,194.69,Goiania,GO,2021-01-05
CLI_00000641,27,X,18481.43,864.72,243.07,Sao Paulo,MT,2020-07-03
CLI_00000642,44,F,4841.51,874.1,233.99,Cuiaba,SP,2024-06-28
CLI_00000643,72,X,19884.18,839.36,173.29,Campo Grande,GO,2022-03-12
CLI_00000644,61,X,14506.53,989.79,273.19,Vilhena,SP,2024-03-17
CLI_00000645,18,M,11427.72,597.79,420.29,Cuiaba,GO,2022-09-16
CLI_00000646,47,X,23229.42,510.83,333.81,Goiania,RO,2022-05-13
CLI_00000647,20,M,12685.3,731.11,337.99,Sao Paulo,SP,2023-06-03
CLI_00000648,62,X,16768.85,826.03,460.08,Goiania,SP,2022-12-01
CLI_00000649,50,X,2648.72,360.61,675.68,Vilhena,SP,2021-06-11
CLI_00000650,76,F,18327.64,737.04,377.46,Campo Grande,GO,2020-06-07
CLI_00000651,50,M,2228.82,131.14,217.02,Goiania,SP,2023-03-11
CLI_00000652,35,X,5564.16,157.8,432.8,Sao Paulo,MT,2021-06-02
CLI_00000653,38,F,11367.91,192.3,320.69,Cuiaba,MT,2022-08-17
CLI_00000654,66,X,24723.31,986.8,156.14,Goiania,GO,2021-07-26
CLI_00000655,17,X,10048.04,761.25,187.31,Vilhena,MS,2021-01-19
CLI_00000656,45,M,3540.17,708.14,496.26,Campo Grande,MS,2023-10-25
CLI_00000657,57,F,2066.23,325.33,174.6,Vilhena,GO,2020-04-07
CLI_00000658,72,M,24837.56,915.15,139.6,Cuiaba,MS,2020-06-13
CLI_00000659,46,X,21586.64,243.57,175.41,Cuiaba,RO,2024-05-09
CLI_00000660,76,X,12603.75,987.01,223.93,Cuiaba,GO,2023-04-20
CLI_00000661,38,X,21243.47,548.35,95.76,Cuiaba,SP,2023-02-10
CLI_00000662,75,F,17697.13,67.48,475.02,Cuiaba,MS,2022-01-14
CLI_00000663,68,X,12042.37,919.12,217.05,Rondonopolis,MS,2020-09-17
CLI_00000664,79,F,10049.15,861.2,417.47,Campo Grande,MS,2023-06-28
CLI_00000665,58,X,15832.72,563.35,286.65,Rondonopolis,SP,2020-06-22
CLI_00000666,57,F,9016.8,845.01,361.58,Sao Paulo,MS,2023-01-12
CLI_00000667,44,M,1287.24,998.46,359.61,Sao Paulo,GO,2022-04-06
CLI_00000668,74,F,20999.49,374.94,474.84,Rondonopolis,MT,2020-07-08
CLI_00000669,57,X,10755.41,42.18,41.59,Vilhena,MS,2020-11-06
CLI_00000670,39,M,20508.0,501.76,223.56,Rondonopolis,RO,2021-11-17
CLI_00000671,56,M,14305.46,134.01,93.43,Campo Grande,SP,2022-05-22
CLI_00000672,41,X,24370.3,787.5,321.65,Vilhena,MS,2023-12-27
CLI_00000673,56,X,4205.36,852.75,110.64,Campo Grande,MT,2020-02-20
CLI_00000674,20,X,23427.07,972.05,307.63,Rondonopolis,MS,2022-02-06
CLI_00000675,18,F,15922.51,229.77,539.73,Goiania,RO,2021-03-07
CLI_00000676,56,X,9263.99,26.03,445.73,Sao Paulo,SP,2020-02-01
CLI_00000677,31,F,5000.44,292.58,239.42,Cuiaba,MS,2023-10-26
CLI_00000678,51,X,23250.63,810.69,631.74,Rondonopolis,SP,2021-05-03
CLI_00000679,77,X,15495.89,883.38,161.71,Goiania,GO,2021-04-09
CLI_00000680,50,X,23896.43,510.49,426.86,Campo Grande,SP,2023-01-08
CLI_00000681,28,F,11667.19,790.75,165.32,Goiania,MT,2024-12-26
CLI_00000682,61,M,6191.68,347.43,333.23,Rondonopolis,GO,2021-09-25
CLI_00000683,35,M,23061.33,471.84,36.45,Campo Grande,MS,2022-10-26
CLI_00000684,28,M,7767.95,635.61,288.72,Goiania,SP,2023-10-19
CLI_00000685,43,M,11609.49,1.9,334.57,Campo Grande,RO,2024-10-19
CLI_00000686,32,X,19698.04,292.06,190.52,Cuiaba,GO,2023-07-27
CLI_00000687,71,F,21375.89,156.13,449.96,Sao Paulo,MS,2023-07-09
CLI_00000688,35,F,5554.44,577.48,582.38,Campo Grande,MS,2023-10-18
CLI_00000689,40,M,16569.82,486.14,641.47,Campo Grande,GO,2020-11-19
CLI_00000690,29,X,11561.18,850.01,545.24,Sao Paulo,RO,2021-10-06
CLI_00000691,60,M,3682.45,806.91,387.23,Sao Paulo,MS,2022-09-26
CLI_00000692,28,F,21166.27,870.41,289.49,Cuiaba,MS,2021-04-03
CLI_00000693,48,M,21037.74,262.89,301.18,Goiania,MS,2022-04-26
CLI_00000694,68,F,19153.68,863.36,302.61,Cuiaba,SP,2020-08-23
CLI_00000695,78,F,24899.99,209.01,545.62,Goiania,RO,2023-04-10
CLI_00000696,69,F,15925.6,808.02,357.61,Rondonopolis,GO,2023-10-25
CLI_00000697,76,M,5440.33,406.31,419.09,Rondonopolis,MT,2024-04-15
CLI_00000698,47,X,13304.98,118.4,203.12,Rondonopolis,SP,2023-01-01
CLI_00000699,49,X,12820.24,157.81,397.63,Sao Paulo,GO,2021-03-21
CLI_00000700,66,X,1261.02,296.28,559.03,Goiania,GO,2022-09-20
CLI_00000701,45,M,2815.71,48.53,339.13,Sao Paulo,SP,2024-12-26
CLI_00000702,36,F,3382.45,642.39,321.19,Sao Paulo,MT,2022-12-06
CLI_00000703,66,X,13131.53,414.93,431.14,Sao Paulo,GO,2023-07-04
CLI_00000704,71,F,10245.67,199.87,426.85,Goiania,GO,2023-09-25
CLI_00000705,51,F,15153.76,651.67,273.16,Campo Grande,GO,2023-10-09
CLI_00000706,62,F,15558.39,171.31,639.75,Campo Grande,SP,2021-02-18
CLI_00000707,18,M,3145.26,613.89,162.95,Vilhena,GO,2020-02-26
CLI_00000708,29,M,8376.7,715.86,73.29,Cuiaba,GO,2022-03-26
CLI_00000709,76,F,1576.13,151.11,310.65,Cuiaba,RO,2021-10-17
CLI_00000710,25,F,8092.91,968.87,360.92,Goiania,SP,2024-04-11
CLI_00000711,22,X,18864.21,97.59,444.42,Vilhena,MT,2020-02-14
CLI_00000712,24,X,17706.75,587.61,247.55,Rondonopolis,SP,2023-05-06
CLI_00000713,71,F,7902.98,585.68,263.51,Rondonopolis,RO,2020-02-26
CLI_00000714,79,M,6647.2,114.94,414.58,Vilhena,RO,2022-12-10
CLI_00000715,63,F,11011.34,892.58,237.03,Campo Grande,GO,2023-05-27
CLI_00000716,42,F,24940.85,647.68,717.75,Vilhena,MT,2020-05-28
CLI_00000717,38,M,7366.89,616.21,357.63,Rondonopolis,MT,2022-11-26
CLI_00000718,29,F,12520.24,649.45,456.91,Rondonopolis,GO,2020-04-13
CLI_00000719,66,X,11310.98,374.6,218.28,Rondonopolis,SP,2023-11-19
CLI_00000720,67,X,10618.14,390.52,67.59,Campo Grande,RO,2022-09-15
CLI_00000721,20,F,6927.58,742.72,222.64,Sao Paulo,SP,2023-08-11
CLI_00000722,55,X,9969.13,798.89,0,Campo Grande,RO,2021-03-03
CLI_00000723,35,X,13816.18,478.41,420.82,Campo Grande,RO,2021-06-28
CLI_00000724,52,M,3154.93,205.95,162.65,Cuiaba,GO,2021-07-15
CLI_00000725,17,M,21704.33,375.16,681.13,Campo Grande,GO,2022-04-01
CLI_00000726,28,M,18092.65,582.0,301.02,Vilhena,MT,2021-08-10
CLI_00000727,43,F,10059.23,989.45,358.59,Vilhena,MT,2024-12-16
CLI_00000728,34,M,4874.28,539.79,249.44,Sao Paulo,SP,2023-03-07
CLI_00000729,27,X,24613.87,785.99,229.92,Goiania,MS,2022-10-22
CLI_00000730,57,F,23282.67,371.1,183.79,Cuiaba,MT,2022-05-23
CLI_00000731,49,X,7723.41,430.06,137.95,Goiania,RO,2022-02-23
CLI_00000732,38,F,7107.82,683.69,275.54,Rondonopolis,MS,2021-03-07
CLI_00000733,79,X,9157.25,949.42,462.89,Cuiaba,MS,2020-03-15
CLI_00000734,25,F,11970.66,17.83,296.63,Goiania,GO,2024-02-14
CLI_00000735,45,F,19758.53,586.29,309.79,Goiania,GO,2023-01-21
CLI_00000736,80,F,8887.7,606.82,427.54,Goiania,MS,2021-06-01
CLI_00000737,19,F,21246.21,853.23,409.83,Goiania,SP,2020-10-13
CLI_00000738,56,F,24016.41,628.07,164.99,Goiania,RO,2020-08-18
CLI_00000739,64,F,12909.16,404.39,494.82,Vilhena,RO,2020-02-24
CLI_00000740,76,M,2289.22,878.49,445.66,Rondonopolis,RO,2022-11-01
CLI_00000741,76,F,9562.56,468.53,468.04,Vilhena,RO,2020-06-10
CLI_00000742,46,X,10708.4,887.08,427.83,Rondonopolis,MT,2023-08-18
CLI_00000743,34,X,18661.32,303.95,337.29,Sao Paulo,MT,2021-06-23
CLI_00000744,23,F,1935.14,648.18,273.78,Sao Paulo,MS,2023-04-24
CLI_00000745,57,X,15163.67,954.45,367.37,Campo Grande,GO,2024-07-12
CLI_00000746,35,M,5364.45,558.53,0,Sao Paulo,SP,2020-09-09
CLI_00000747,79,F,23485.7,163.17,381.51,Vilhena,MT,2022-06-03
CLI_00000748,35,M,4384.32,303.6,172.98,Rondonopolis,MT,2024-02-28
CLI_00000749,74,X,19071.6,487.2,339.59,Campo Grande,SP,2021-01-02
CLI_00000750,49,F,22580.44,181.94,235.01,Goiania,RO,2022-03-06
CLI_00000751,56,X,17467.22,684.37,412.9,Sao Paulo,SP,2024-09-06
CLI_00000752,33,X,21657.1,889.21,142.19,Campo Grande,MT,2020-04-25
CLI_00000753,55,F,8490.79,98.17,248.79,Goiania,RO,2021-08-04
CLI_00000754,27,M,10766.84,179.86,552.65,Campo Grande,MT,2020-02-22
CLI_00000755,67,F,4191.69,453.72,640.0,Rondonopolis,GO,2020-01-13
CLI_00000756,59,F,6960.9,788.69,416.89,Rondonopolis,SP,2023-09-12
CLI_00000757,32,M,2794.79,418.59,280.47,Goiania,SP,2023-05-07
CLI_00000758,77,M,10240.38,921.61,372.33,Cuiaba,GO,2020-10-15
CLI_00000759,70,M,12969.22,395.06,326.81,Rondonopolis,MS,2024-07-07
CLI_00000760,16,M,22149.49,835.83,531.51,Sao Paulo,GO,2020-09-21
CLI_00000761,26,M,16909.74,307.71,176.97,Goiania,GO,2022-10-16
CLI_00000762,33,F,23121.89,640.27,288.4,Cuiaba,GO,2020-05-28
CLI_00000763,79,M,22055.06,873.99,272.84,Goiania,MS,2020-02-21
CLI_00000764,44,M,10130.44,414.68,313.4,Vilhena,GO,2023-06-13
CLI_00000765,29,F,2837.94,518.85,158.5,Goiania,SP,2024-07-21
CLI_00000766,37,F,23551.54,590.97,218.43,Vilhena,GO,2022-05-13
CLI_00000767,56,M,18605.65,37.17,120.56,Rondonopolis,MT,2021-01-12
CLI_00000768,54,F,22363.55,236.39,300.48,Sao Paulo,GO,2024-07-18
CLI_00000769,25,F,18620.72,172.81,317.58,Campo Grande,RO,2022-06-03
CLI_00000770,34,X,8927.96,428.04,363.67,Cuiaba,MT,2020-08-11
CLI_00000771,20,X,10791.89,726.87,0.8,Sao Paulo,MS,2023-03-06
CLI_00000772,74,X,22642.6,759.05,613.28,Campo Grande,RO,2023-09-03
CLI_00000773,40,M,24375.57,672.18,90.39,Cuiaba,RO,2022-07-08
CLI_00000774,56,F,1426.25,690.61,256.63,Goiania,SP,2022-08-08
CLI_00000775,44,M,6160.86,633.6,141.47,Sao Paulo,GO,2020-01-19
CLI_00000776,19,X,14177.46,388.27,236.02,Rondonopolis,SP,2023-04-14
CLI_00000777,42,M,24587.04,469.56,402.06,Cuiaba,SP,2022-11-23
CLI_00000778,33,X,19241.96,801.66,214.26,Vilhena,MS,2022-09-16
CLI_00000779,39,X,22806.72,987.89,274.37,Sao Paulo,SP,2021-10-05
CLI_00000780,38,M,18613.41,116.77,319.08,Vilhena,MS,2020-05-09
CLI_00000781,68,M,16489.15,455.01,498.88,Rondonopolis,RO,2022-05-22
CLI_00000782,17,F,9056.54,321.03,140.03,Campo Grande,GO,2022-06-01
CLI_00000783,55,M,1522.59,899.69,285.52,Cuiaba,SP,2022-02-17
CLI_00000784,39,M,7151.88,578.33,402.56,Goiania,GO,2022-06-17
CLI_00000785,21,M,11213.52,623.02,292.74,Goiania,SP,2021-04-09
CLI_00000786,28,F,23227.24,887.09,394.68,Cuiaba,MS,2024-04-05
CLI_00000787,79,M,21689.06,373.47,507.39,Campo Grande,GO,2024-08-07
CLI_00000788,21,X,9379.1,85.51,378.85,Sao Paulo,MT,2023-03-17
CLI_00000789,38,X,3492.35,623.0,350.12,Campo Grande,RO,2022-08-03
CLI_00000790,77,M,19889.33,207.2,240.19,Sao Paulo,MT,2023-08-07
CLI_00000791,41,X,13162.45,971.19,237.84,Rondonopolis,MS,2024-02-11
CLI_00000792,35,F,5732.62,558.71,145.4,Rondonopolis,SP,2022-11-03
CLI_00000793,68,F,19067.81,43.36,435.03,Goiania,GO,2022-06-10
CLI_00000794,19,F,12844.39,79.18,239.98,Sao Paulo,RO,2023-04-24
CLI_00000795,24,X,3162.3,704.11,271.21,Cuiaba,RO,2023-08-20
CLI_00000796,48,M,23002.33,410.49,97.33,Vilhena,SP,2024-01-09
CLI_00000797,33,M,24876.69,739.77,321.05,Rondonopolis,RO,2022-03-16
CLI_00000798,68,M,23726.84,3.28,381.76,Goiania,MT,2024-02-16
CLI_00000799,21,M,17750.62,492.98,216.1,Vilhena,GO,2021-09-14
CLI_00000800,51,M,3223.11,115.26,304.62,Rondonopolis,SP,2024-02-28
CLI_00000801,39,X,6321.74,16.59,238.45,Cuiaba,MT,2023-03-02
CLI_00000802,27,M,12727.72,878.8,414.53,Rondonopolis,MS,2023-05-25
CLI_00000803,42,F,14405.28,595.33,314.54,Sao Paulo,RO,2021-06-04
CLI_00000804,42,M,3737.74,723.71,210.27,Rondonopolis,SP,2024-09-19
CLI_00000805,34,X,16629.08,656.0,151.48,Goiania,RO,2020-03-11
CLI_00000806,70,X,11227.59,432.27,207.33,Vilhena,RO,2022-09-13
CLI_00000807,34,M,7417.34,297.49,174.86,Sao Paulo,MT,2023-08-15
CLI_00000808,38,X,4054.03,36.9,197.63,Vilhena,MT,2021-01-23
CLI_00000809,52,M,17230.94,909.8,392.21,Rondonopolis,MS,2023-05-27
CLI_00000810,76,M,10421.42,233.53,240.3,Sao Paulo,MT,2022-10-27
CLI_00000811,74,F,24241.14,424.63,351.46,Goiania,RO,2023-10-05
CLI_00000812,28,X,15208.03,420.94,535.32,Campo Grande,RO,2020-10-08
CLI_00000813,72,M,6373.23,893.37,474.06,Campo Grande,RO,2022-12-03
CLI_00000814,57,X,1650.45,250.43,410.91,Vilhena,MS,2024-06-27
CLI_00000815,20,M,4156.47,560.48,360.98,Vilhena,MS,2024-05-09
CLI_00000816,51,M,19818.76,156.03,412.81,Sao Paulo,GO,2021-10-06
CLI_00000817,40,M,4334.35,213.7,225.69,Sao Paulo,GO,2023-07-05
CLI_00000818,62,F,11326.66,921.28,430.76,Sao Paulo,MS,2024-06-22
CLI_00000819,42,M,24547.1,825.92,529.42,Rondonopolis,GO,2024-09-20
CLI_00000820,42,F,5414.55,336.26,539.83,Rondonopolis,RO,2022-01-22
CLI_00000821,71,F,2840.88,259.89,366.65,Vilhena,GO,2022-10-08
CLI_00000822,53,M,19936.58,677.15,571.01,Rondonopolis,MT,2024-11-22
CLI_00000823,30,X,2259.42,164.3,290.66,Rondonopolis,RO,2023-04-08
CLI_00000824,78,X,19129.84,341.24,483.65,Cuiaba,SP,2022-02-13
CLI_00000825,61,X,8270.49,100.78,385.74,Vilhena,SP,2022-05-09
CLI_00000826,27,F,24637.84,43.39,557.64,Vilhena,GO,2022-10-06
CLI_00000827,71,M,23352.09,247.75,408.04,Rondonopolis,RO,2024-05-06
CLI_00000828,30,X,5343.55,241.77,481.66,Vilhena,RO,2023-03-18
CLI_00000829,69,X,12346.02,41.95,314.09,Sao Paulo,MS,2020-10-02
CLI_00000830,39,F,8443.97,819.62,274.7,Rondonopolis,MT,2024-11-06
CLI_00000831,68,X,4895.96,659.0,266.13,Campo Grande,GO,2023-03-05
CLI_00000832,54,M,4425.38,324.06,372.91,Campo Grande,GO,2022-02-17
CLI_00000833,58,X,23413.62,864.3,524.41,Vilhena,RO,2024-02-19
CLI_00000834,48,X,3518.89,875.13,178.1,Sao Paulo,GO,2020-09-04
CLI_00000835,28,F,17998.14,795.57,388.44,Sao Paulo,MT,2021-12-25
CLI_00000836,51,X,4174.34,347.43,3.38,Rondonopolis,MS,2023-08-21
CLI_00000837,21,M,8437.25,709.0,404.85,Cuiaba,SP,2024-07-22
CLI_00000838,61,X,14415.64,362.51,377.48,Sao Paulo,MS,2020-05-21
CLI_00000839,26,X,5843.16,964.22,565.12,Vilhena,SP,2024-09-06
CLI_00000840,68,X,14015.48,133.33,366.67,Campo Grande,MT,2021-11-15
CLI_00000841,16,F,2430.55,10.65,321.42,Campo Grande,GO,2024-03-06
CLI_00000842,66,M,20451.53,4.67,559.72,Campo Grande,SP,2022-09-24
CLI_00000843,78,F,9859.64,881.57,234.46,Vilhena,RO,2024-06-21
CLI_00000844,16,X,22554.72,714.12,149.47,Goiania,RO,2024-03-01
CLI_00000845,59,M,18191.04,823.38,0,Rondonopolis,GO,2020-02-16
CLI_00000846,25,F,14764.92,321.89,644.51,Sao Paulo,GO,2020-08-18
CLI_00000847,72,X,8540.08,602.75,66.57,Rondonopolis,MS,2023-02-14
CLI_00000848,31,X,9424.66,126.16,635.26,Goiania,MS,2021-04-08
CLI_00000849,44,M,1756.88,273.67,472.38,Sao Paulo,RO,2023-10-24
CLI_00000850,54,X,14859.67,631.08,363.9,Campo Grande,GO,2023-08-28
CLI_00000851,52,M,2154.14,466.0,228.28,Vilhena,MT,2023-03-08
CLI_00000852,50,M,18755.34,984.62,235.79,Cuiaba,SP,2020-10-12
CLI_00000853,60,M,15424.57,112.32,375.77,Rondonopolis,SP,2022-03-06
CLI_00000854,18,X,21374.55,859.72,186.75,Goiania,RO,2022-04-17
CLI_00000855,29,F,10083.13,998.75,0,Sao Paulo,RO,2020-02-18
CLI_00000856,49,X,14543.3,360.6,218.22,Vilhena,RO,2023-10-09
CLI_00000857,18,M,11109.93,944.13,295.87,Vilhena,MT,2021-09-23
CLI_00000858,74,F,15344.42,338.3,443.44,Vilhena,SP,2022-02-05
CLI_00000859,25,X,24946.22,799.68,42.01,Campo Grande,RO,2022-09-11
CLI_00000860,76,X,19770.82,250.86,368.29,Vilhena,RO,2024-04-03
CLI_00000861,19,X,13982.08,574.86,505.45,Goiania,SP,2021-07-14
CLI_00000862,53,M,5782.45,682.21,569.42,Rondonopolis,RO,2021-03-09
CLI_00000863,72,X,21706.53,881.6,306.99,Cuiaba,RO,2022-06-01
CLI_00000864,23,M,7470.61,241.65,313.61,Cuiaba,GO,2021-02-21
CLI_00000865,45,F,6679.16,98.8,236.68,Goiania,SP,2023-03-26
CLI_00000866,67,M,17866.84,324.02,262.71,Goiania,MS,2024-02-22
CLI_00000867,28,M,14554.55,494.04,399.66,Sao Paulo,MS,2020-10-22
CLI_00000868,68,M,24444.5,377.44,349.43,Campo Grande,RO,2023-08-06
CLI_00000869,75,M,14285.77,896.48,491.25,Sao Paulo,SP,2021-10-21
CLI_00000870,46,F,11808.65,817.43,293.77,Goiania,RO,2023-07-18
CLI_00000871,34,F,6621.22,834.21,271.9,Cuiaba,GO,2021-12-15
CLI_00000872,75,F,10796.03,579.65,350.28,Vilhena,GO,2021-01-17
CLI_00000873,32,F,19185.05,344.11,253.11,Rondonopolis,RO,2021-09-09
CLI_00000874,41,F,23606.72,955.79,391.54,Rondonopolis,RO,2020-01-22
CLI_00000875,54,F,15707.49,808.81,501.89,Goiania,RO,2023-12-15
CLI_00000876,61,F,23046.78,735.74,465.02,Rondonopolis,GO,2021-10-02
CLI_00000877,36,X,18198.6,464.41,69.4,Vilhena,GO,2020-05-11
CLI_00000878,60,F,2809.13,978.06,189.47,Goiania,MT,2024-07-28
CLI_00000879,30,X,12613.63,837.29,561.44,Sao Paulo,MT,2023-02-27
CLI_00000880,46,M,21595.75,120.37,468.86,Sao Paulo,RO,2020-12-17
CLI_00000881,69,X,19553.08,801.55,0,Rondonopolis,MT,2020-03-25
CLI_00000882,45,F,5346.67,997.82,84.7,Goiania,MT,2022-07-22
CLI_00000883,32,X,24939.15,496.13,245.89,Campo Grande,SP,2023-04-24
CLI_00000884,73,X,23483.97,232.27,126.47,Cuiaba,SP,2023-10-08
CLI_00000885,68,X,10360.37,91.27,447.47,Goiania,MT,2020-12-23
CLI_00000886,20,F,2074.56,125.17,415.46,Vilhena,RO,2021-10-19
CLI_00000887,69,M,6890.27,345.42,214.25,Goiania,MS,2023-05-17
CLI_00000888,75,F,21576.12,217.95,193.65,Campo Grande,GO,2022-10-22
CLI_00000889,62,X,1214.6,980.5,320.56,Cuiaba,MS,2021-01-06
CLI_00000890,79,F,1345.6,258.92,224.68,Goiania,MS,2023-01-27
CLI_00000891,49,X,7001.51,324.23,178.28,Sao Paulo,MS,2020-09-27
CLI_00000892,55,X,15350.71,662.61,372.51,Rondonopolis,MS,2020-08-15
CLI_00000893,42,M,22416.98,122.19,107.46,Cuiaba,MT,2022-03-20
CLI_00000894,40,X,15535.56,808.9,298.71,Vilhena,MT,2020-04-27
CLI_00000895,54,F,22296.8,115.52,230.0,Vilhena,GO,2022-04-09
CLI_00000896,67,X,3960.24,416.41,325.54,Sao Paulo,GO,2023-02-14
CLI_00000897,39,F,4436.89,277.94,164.11,Vilhena,MS,2023-09-06
CLI_00000898,42,F,5599.77,390.72,135.22,Goiania,SP,2022-11-22
CLI_00000899,27,F,2717.41,929.22,523.19,Vilhena,RO,2024-02-04
CLI_00000900,63,F,23457.42,421.08,325.1,Sao Paulo,SP,2023-10-14
CLI_00000901,36,X,14020.21,716.85,54.7,Sao Paulo,MS,2021-03-19
CLI_00000902,66,M,22821.98,430.69,10.38,Goiania,MS,2020-08-26
CLI_00000903,70,M,18018.87,724.83,852.58,Rondonopolis,SP,2023-12-02
CLI_00000904,73,M,9707.36,25.89,264.06,Goiania,MS,2024-05-10
CLI_00000905,29,M,12719.34,70.57,376.78,Sao Paulo,GO,2024-05-17
CLI_00000906,59,M,15928.53,458.62,443.24,Rondonopolis,RO,2020-06-10
CLI_00000907,35,M,19740.13,320.73,125.96,Cuiaba,MS,2021-04-12
CLI_00000908,44,M,9074.0,130.7,407.24,Vilhena,GO,2024-10-17
CLI_00000909,21,X,15307.05,836.07,320.42,Rondonopolis,MS,2024-10-19
CLI_00000910,24,X,8538.64,416.5,528.68,Goiania,SP,2023-09-12
CLI_00000911,41,M,13492.51,232.55,206.47,Rondonopolis,RO,2020-04-16
CLI_00000912,25,M,13231.55,690.02,309.14,Sao Paulo,MT,2020-02-12
CLI_00000913,79,F,12425.84,891.35,185.28,Campo Grande,GO,2021-01-27
CLI_00000914,36,X,22016.21,573.82,315.99,Vilhena,MS,2021-08-09
CLI_00000915,75,F,3766.16,263.44,512.11,Vilhena,RO,2022-02-10
CLI_00000916,22,M,21949.53,164.69,186.55,Campo Grande,MS,2024-09-19
CLI_00000917,74,F,12386.27,140.9,262.87,Sao Paulo,SP,2020-06-15
CLI_00000918,24,F,10448.56,449.94,117.46,Sao Paulo,MT,2021-04-17
CLI_00000919,43,M,5174.9,314.01,234.49,Campo Grande,MS,2021-05-13
CLI_00000920,17,X,12698.81,65.21,430.9,Cuiaba,GO,2021-04-24
CLI_00000921,29,F,6800.15,323.51,151.76,Vilhena,SP,2020-12-23
CLI_00000922,20,X,4175.85,508.54,88.73,Goiania,RO,2023-06-03
CLI_00000923,57,X,3246.21,400.37,242.63,Vilhena,RO,2020-06-28
CLI_00000924,61,F,16103.94,802.8,393.72,Goiania,MS,2024-08-04
CLI_00000925,43,F,17677.84,4.75,470.69,Rondonopolis,MT,2020-02-06
CLI_00000926,49,X,7488.18,866.71,491.47,Cuiaba,MT,2022-04-18
CLI_00000927,16,F,15637.59,613.76,323.83,Cuiaba,MT,2021-03-21
CLI_00000928,22,F,18823.27,288.73,120.55,Rondonopolis,GO,2024-07-12
CLI_00000929,76,F,15027.76,238.63,29.59,Sao Paulo,GO,2023-10-13
CLI_00000930,70,F,2447.34,840.7,182.05,Vilhena,GO,2020-12-05
CLI_00000931,18,X,7413.33,533.75,0,Rondonopolis,MT,2022-02-09
CLI_00000932,32,X,1892.8,866.92,302.98,Goiania,GO,2021-06-11
CLI_00000933,48,F,21116.63,902.05,404.81,Cuiaba,RO,2024-01-01
CLI_00000934,54,M,15885.69,263.18,257.09,Sao Paulo,MS,2023-06-08
CLI_00000935,27,X,12150.25,785.99,434.03,Cuiaba,SP,2024-08-16
CLI_00000936,69,M,1623.29,351.81,421.26,Cuiaba,GO,2020-08-13
CLI_00000937,16,M,9617.65,197.78,172.31,Goiania,SP,2021-03-03
CLI_00000938,66,F,10088.35,380.97,174.6,Cuiaba,RO,2024-01-02
CLI_00000939,65,M,13587.14,17.98,383.33,Rondonopolis,MT,2024-03-07
CLI_00000940,27,M,12230.57,810.31,409.92,Sao Paulo,MS,2021-10-23
CLI_00000941,61,F,4022.75,935.77,447.5,Goiania,MT,2024-10-11
CLI_00000942,39,M,22943.03,899.12,86.46,Rondonopolis,MT,2021-03-25
CLI_00000943,29,F,19911.46,581.78,197.51,Cuiaba,SP,2021-09-24
CLI_00000944,34,M,14062.85,255.58,397.92,Sao Paulo,MS,2023-10-09
CLI_00000945,69,M,18210.66,228.43,394.42,Rondonopolis,GO,2020-05-16
CLI_00000946,23,M,22027.14,636.61,444.42,Cuiaba,MT,2020-08-05
CLI_00000947,57,F,24985.09,950.18,57.23,Campo Grande,RO,2024-03-03
CLI_00000948,76,F,16980.04,292.72,417.15,Cuiaba,RO,2024-12-15
CLI_00000949,79,F,10339.8,552.2,438.25,Cuiaba,SP,2024-02-21
CLI_00000950,63,F,12837.55,242.18,319.49,Goiania,MT,2021-10-24
CLI_00000951,50,M,21054.95,542.54,312.71,Sao Paulo,MT,2023-06-12
CLI_00000952,25,X,17517.72,489.85,13.23,Vilhena,RO,2023-02-02
CLI_00000953,61,F,17535.29,534.67,183.95,Campo Grande,MT,2022-01-20
CLI_00000954,59,M,15569.87,202.76,301.93,Cuiaba,SP,2022-02-18
CLI_00000955,80,F,23975.99,762.43,220.91,Cuiaba,RO,2021-02-22
CLI_00000956,43,M,24677.38,310.37,391.05,Sao Paulo,RO,2022-09-11
CLI_00000957,43,F,19927.28,556.78,273.53,Goiania,MT,2021-12-12
CLI_00000958,80,M,24930.05,14.12,103.87,Vilhena,MS,2020-06-18
CLI_00000959,36,F,19282.47,968.62,421.98,Sao Paulo,MS,2024-08-27
CLI_00000960,38,M,2842.85,481.38,64.46,Rondonopolis,MS,2022-08-18
CLI_00000961,23,F,2667.55,327.73,624.77,Sao Paulo,GO,2022-02-18
CLI_00000962,42,X,22329.71,547.08,471.26,Vilhena,SP,2024-12-16
CLI_00000963,34,F,4682.17,506.69,348.05,Cuiaba,GO,2021-12-02
CLI_00000964,34,M,13158.82,108.54,147.84,Goiania,GO,2023-06-13
CLI_00000965,51,F,23883.53,190.39,427.26,Sao Paulo,MS,2022-01-12
CLI_00000966,62,F,23268.5,300.12,439.98,Goiania,MS,2022-09-18
CLI_00000967,31,M,22517.34,491.87,211.58,Campo Grande,GO,2024-09-12
CLI_00000968,70,M,3244.12,112.24,198.9,Campo Grande,SP,2021-10-06
CLI_00000969,59,F,22811.64,233.96,302.55,Campo Grande,RO,2022-02-26
CLI_00000970,25,X,12938.76,866.6,395.31,Rondonopolis,RO,2023-12-03
CLI_00000971,62,M,23716.81,373.46,258.53,Cuiaba,SP,2022-06-17
CLI_00000972,48,F,6195.0,128.58,250.56,Rondonopolis,RO,2021-06-28
CLI_00000973,74,F,21148.6,24.54,581.04,Sao Paulo,RO,2022-10-11
CLI_00000974,71,F,11310.48,145.74,597.84,Vilhena,GO,2022-04-04
CLI_00000975,51,M,14877.68,876.17,246.35,Sao Paulo,MT,2020-04-27
CLI_00000976,35,X,19524.97,56.72,489.25,Campo Grande,GO,2024-11-07
CLI_00000977,64,F,13397.11,193.92,400.06,Campo Grande,MT,2024-02-23
CLI_00000978,79,M,3882.36,472.97,331.52,Goiania,RO,2020-07-23
CLI_00000979,80,X,2231.22,882.91,178.46,Sao Paulo,MS,2023-10-02
CLI_00000980,41,X,1990.41,735.36,233.57,Campo Grande,RO,2024-01-13
CLI_00000981,18,F,6498.96,966.61,446.18,Goiania,RO,2021-01-14
CLI_00000982,78,F,6292.42,946.42,425.03,Cuiaba,MS,2020-07-26
CLI_00000983,25,X,15025.37,219.06,272.29,Rondonopolis,GO,2024-02-23
CLI_00000984,70,X,8229.57,682.96,211.58,Goiania,SP,2024-10-25
CLI_00000985,46,M,12945.0,62.34,362.49,Vilhena,MT,2023-10-26
CLI_00000986,74,M,8139.94,432.24,356.71,Vilhena,RO,2021-01-01
CLI_00000987,46,M,15604.71,530.21,328.61,Vilhena,MS,2020-03-12
CLI_00000988,68,X,1812.95,360.08,329.53,Rondonopolis,RO,2020-09-14
CLI_00000989,75,F,11001.17,690.01,476.03,Rondonopolis,MT,2024-08-12
CLI_00000990,63,F,15725.35,527.05,448.5,Rondonopolis,RO,2021-06-24
CLI_00000991,75,F,12622.78,858.29,352.53,Vilhena,MS,2023-07-10
CLI_00000992,79,M,1523.74,399.18,425.05,Goiania,GO,2023-06-28
CLI_00000993,79,F,6290.96,348.46,328.56,Campo Grande,MS,2020-02-07
CLI_00000994,61,F,23236.28,90.38,179.47,Campo Grande,MT,2022-09-11
CLI_00000995,38,X,8491.84,904.6,197.25,Vilhena,MT,2020-11-17
CLI_00000996,17,X,15453.31,804.25,337.31,Goiania,SP,2024-12-20
CLI_00000997,39,X,13775.18,411.88,512.87,Campo Grande,MT,2024-07-02
CLI_00000998,52,M,19393.64,510.98,426.25,Rondonopolis,MT,2024-05-03
CLI_00000999,64,M,12487.04,530.5,254.64,Campo Grande,MT,2022-12-28
CLI_00001000,62,X,2090.96,955.28,221.01,Campo Grande,MT,2020-12-25
